series,lb_p_arima,lb_p_ets
React,0.3529222759477032,0.02774414997278707
Angular,0.30082966315749293,0.053488667195563555
Vue,0.7438018454100956,0.22659220896651155
