series,lb_p_arima,lb_p_ets
React,0.35292227594770376,0.027744149972785292
Angular,0.30082966315736137,0.05348866719559209
Vue,0.7438018455410149,0.22659220896649612
