series,lb_p_arima,lb_p_ets
React,0.6163829400625709,0.9153627259311709
Angular,0.9379402627144692,0.9359040335330855
Vue,0.6043430973046072,0.9843904858531117
