series,lb_p_arima,lb_p_ets
React,0.07655257320356501,0.005048955785095566
Angular,1,7.12275244008076e-7
Vue,0.9984377098291854,0.18785866574927257
