series,lb_p_arima,lb_p_ets
React,0.4014644312933029,1.584634312656874e-9
Angular,0.19103786918321974,NA
Vue,0.546388666674668,2.0218366027546786e-4
