series,lb_p_arima,lb_p_ets
React,0.10583051455156078,0.6154263719318431
Angular,1,7.122738444609311e-7
Vue,0.9916286019669239,0.12016942567633859
